{
    "TCN": {
        "RMSE": 0.008639836421652815,
        "MAE": 0.005311490723906922,
        "R2": 0.5096293199661734,
        "MAPE": Infinity,
        "train_final_mse": 7.42312554571665e-05
    },
    "LSTM": {
        "RMSE": 0.009615695720121437,
        "MAE": 0.006630577541686553,
        "R2": 0.3925998719185313,
        "MAPE": Infinity,
        "train_final_mse": 0.00010497229058544379
    },
    "RNN": {
        "RMSE": 0.016023886280481077,
        "MAE": 0.010171910782115599,
        "R2": -0.6867439590502991,
        "MAPE": Infinity,
        "train_final_mse": 0.00018578403405231455
    }
}