{
    "model_name": "lstm",
    "metrics": {
        "RMSE": 0.009615695720121437,
        "MAE": 0.006630577541686553,
        "R2": 0.3925998719185313,
        "MAPE": Infinity,
        "train_final_mse": 0.00010497229058544379
    }
}