{
    "model_name": "rnn",
    "metrics": {
        "RMSE": 0.016023886280481077,
        "MAE": 0.010171910782115599,
        "R2": -0.6867439590502991,
        "MAPE": Infinity,
        "train_final_mse": 0.00018578403405231455
    }
}