{
    "model_name": "tcn",
    "metrics": {
        "RMSE": 0.008639836421652815,
        "MAE": 0.005311490723906922,
        "R2": 0.5096293199661734,
        "MAPE": Infinity,
        "train_final_mse": 7.42312554571665e-05
    }
}